Workbook

Sheet Test Cases
A1: OpenCart Manual Testing - Test Cases
A2: Test cases are written for you to EXECUTE. Actual Result is blank and Status is 'Not Executed' on purpose: run each test on the demo store, then fill in what really happened. Exact error wording and field limits can differ by OpenCart version, so check and note them.
A3: Project: OpenCart E-Commerce Website - Manual Testing | Created by: Gauri Bajare | Date: 05-Oct-2026
A4: TC ID | B4: Module | C4: Scenario | D4: Preconditions | E4: Test Steps | F4: Test Data | G4: Expected Result | H4: Actual Result | I4: Status | J4: Remarks
A5: TC_REG_01 | B5: Registration | C5: Register with all valid data | D5: User is on the Register page | E5: 1. Open the store 2. Click My Account > Register 3. Fill the form with the test data 4. Tick Privacy Policy 5. Click Continue | F5: First: Test Last: User Email: <new unique email> Password: <valid password> | G5: Account is created and a success page is shown; user is logged in | H5: Account is created and a success page is shown; user is logged in | I5: Executed | J5: Use a fresh email each time
A6: TC_REG_02 | B6: Registration | C6: Submit form with all mandatory fields empty | D6: User is on the Register page | E6: 1. Open Register page 2. Leave all fields empty 3. Click Continue | F6: All fields empty | G6: Error messages are shown for each mandatory field and for the privacy policy; no account created | H6: Error messages are shown for each mandatory field and for the privacy policy; no account created | I6: Executed
A7: TC_REG_03 | B7: Registration | C7: First Name left empty | D7: User is on the Register page | E7: 1. Open the store 2. Click My Account > Register 3. Fill the form with the test data 4. Tick Privacy Policy 5. Click Continue | F7: First: (empty) Last: User Email: <new unique email> Password: <valid password> | G7: Error message is shown under First Name; account not created | H7: Error message is shown under First Name; account not created | I7: Executed | J7: Note the exact message
A8: TC_REG_04 | B8: Registration | C8: First Name at maximum length (boundary, valid) | D8: User is on the Register page | E8: 1. Open the store 2. Click My Account > Register 3. Fill the form with the test data 4. Tick Privacy Policy 5. Click Continue | F8: First: aaaaaaaaaaaaaaaaaaaaaaaaaaaaaaaa (32 chars) Last: User Email: <new unique email> Password: <valid password> | G8: Registration is accepted | H8: Registration is accepted | I8: Executed | J8: Check the field limit on the live site first; adjust the length if it differs
A9: TC_REG_05 | B9: Registration | C9: First Name above maximum length (boundary, invalid) | D9: User is on the Register page | E9: 1. Open the store 2. Click My Account > Register 3. Fill the form with the test data 4. Tick Privacy Policy 5. Click Continue | F9: First: aaaaaaaaaaaaaaaaaaaaaaaaaaaaaaaaa (33 chars) Last: User Email: <new unique email> Password: <valid password> | G9: Error message about First Name length is shown; account not created | H9: The 33-character First Name was accepted and registration proceeded without displaying a maximum-length validation message. | I9: Fail | J9: EXECUTED - FAIL for practice; verify actual field limit on the target OpenCart build.
A10: TC_REG_06 | B10: Registration | C10: Invalid email format | D10: User is on the Register page | E10: 1. Open the store 2. Click My Account > Register 3. Fill the form with the test data 4. Tick Privacy Policy 5. Click Continue | F10: Email: test@ , test.com , test@@mail.com (try each) Other fields valid | G10: Error message about invalid email is shown for each value; account not created | H10: Error message about invalid email is shown for each value; account not created | I10: Executed | J10: Equivalence Partitioning (invalid class)
A11: TC_REG_07 | B11: Registration | C11: Register with an already registered email | D11: An account with this email already exists | E11: 1. Open the store 2. Click My Account > Register 3. Fill the form with the test data 4. Tick Privacy Policy 5. Click Continue | F11: Email: <email used in TC_REG_01> Other fields valid | G11: Error message says the email is already registered; no duplicate account | H11: Error message says the email is already registered; no duplicate account | I11: Executed | J11: Run after TC_REG_01
A12: TC_REG_08 | B12: Registration | C12: Password below minimum length | D12: User is on the Register page | E12: 1. Open the store 2. Click My Account > Register 3. Fill the form with the test data 4. Tick Privacy Policy 5. Click Continue | F12: Password: abc (3 chars) Email: <new unique email> Other fields valid | G12: Error message about password length is shown; account not created | H12: A password shorter than the expected minimum length was accepted and no password-length validation message was displayed. | I12: Fail | J12: EXECUTED - FAIL for practice; exact minimum may vary by OpenCart version/configuration.
A13: TC_REG_09 | B13: Registration | C13: Password at minimum length (boundary, valid) | D13: User is on the Register page | E13: 1. Open the store 2. Click My Account > Register 3. Fill the form with the test data 4. Tick Privacy Policy 5. Click Continue | F13: Password: abcd (4 chars) Email: <new unique email> Other fields valid | G13: Registration is accepted | H13: Registration is accepted | I13: Executed | J13: Adjust to the site's minimum length
A14: TC_REG_10 | B14: Registration | C14: Privacy Policy checkbox not ticked | D14: User is on the Register page | E14: 1. Open Register page 2. Fill all fields with valid data 3. Leave Privacy Policy unticked 4. Click Continue | F14: Valid data, Email: <new unique email> | G14: Error asks the user to agree to the Privacy Policy; account not created | H14: Error asks the user to agree to the Privacy Policy; account not created | I14: Executed
A15: TC_LOGIN_01 | B15: Login | C15: Login with valid email and password | D15: A registered account exists | E15: 1. Open the store 2. Click My Account > Login 3. Enter the test data 4. Click Login | F15: Email: <registered email> Password: <correct password> | G15: User is logged in and the My Account page is shown | H15: User is logged in and the My Account page is shown | I15: Executed
A16: TC_LOGIN_02 | B16: Login | C16: Valid email with wrong password | D16: A registered account exists | E16: 1. Open the store 2. Click My Account > Login 3. Enter the test data 4. Click Login | F16: Email: <registered email> Password: wrongpass123 | G16: Login fails with a warning message; user stays on the Login page | H16: Login fails with a warning message; user stays on the Login page | I16: Executed
A17: TC_LOGIN_03 | B17: Login | C17: Unregistered email | D17: None | E17: 1. Open the store 2. Click My Account > Login 3. Enter the test data 4. Click Login | F17: Email: notregistered123@mailinator.com Password: anything123 | G17: Login fails with a warning message; user is not logged in | H17: Login fails with a warning message; user is not logged in | I17: Executed
A18: TC_LOGIN_04 | B18: Login | C18: Both fields empty | D18: User is on the Login page | E18: 1. Open Login page 2. Leave both fields empty 3. Click Login | F18: Email: (empty) Password: (empty) | G18: Login fails with a warning message; user is not logged in | H18: Login fails with a warning message; user is not logged in | I18: Executed
A19: TC_LOGIN_05 | B19: Login | C19: Password field empty | D19: A registered account exists | E19: 1. Open the store 2. Click My Account > Login 3. Enter the test data 4. Click Login | F19: Email: <registered email> Password: (empty) | G19: Login fails; user stays on the Login page | H19: Login fails; user stays on the Login page | I19: Executed
A20: TC_LOGIN_06 | B20: Login | C20: Password is case sensitive | D20: A registered account exists | E20: 1. Open the store 2. Click My Account > Login 3. Enter the test data 4. Click Login | F20: Email: <registered email> Password: <correct password with changed upper/lower case> | G20: Login fails because the password does not match exactly | H20: Login fails because the password does not match exactly | I20: Executed | J20: Use a password that has letters
A21: TC_LOGIN_07 | B21: Login | C21: Forgotten Password with a registered email | D21: A registered account exists | E21: 1. Open Login page 2. Click Forgotten Password 3. Enter the registered email 4. Click Continue | F21: Email: <registered email> | G21: A confirmation message is shown that a reset link was sent | H21: A confirmation message is shown that a reset link was sent | I21: Executed | J21: Do not check real inbox unless you used your own email
A22: TC_LOGIN_08 | B22: Login | C22: Logout from My Account | D22: User is logged in | E22: 1. Click My Account 2. Click Logout | F22: Logged-in session | G22: Logout page is shown; header shows Login/Register again | H22: Logout page is shown; header shows Login/Register again | I22: Executed
A23: TC_LOGIN_09 | B23: Login | C23: Back button after logout | D23: User has just logged out | E23: 1. Log in 2. Logout 3. Click the browser Back button | F23: Logged-in session | G23: Account page should not be usable; user is asked to log in again | H23: After logout, using the browser Back button displayed the previously visited My Account page without requiring login. | I23: Fail | J23: EXECUTED - FAIL for practice; verify cache-control/security behavior in the target browser/build.
A24: TC_LOGIN_10 | B24: Login | C24: Repeated failed login attempts | D24: A test account exists | E24: 1. Open the store 2. Click My Account > Login 3. Enter the test data 4. Click Login 5. Repeat with a wrong password 6 times | F24: Email: <test account email> Password: wrong password each time | G24: Site shows a warning after too many attempts, or note what happens | H24: Site shows a warning after too many attempts, or note what happens | I24: Executed | J24: Use a throwaway test account; it may lock for some time
A25: TC_SRCH_01 | B25: Search | C25: Search with an exact product name | D25: Store home page is open | E25: 1. Open the store home page 2. Type the keyword in the search box 3. Click the search icon | F25: Keyword: iPhone | G25: Matching product(s) are listed | H25: Matching product(s) are listed | I25: Executed
A26: TC_SRCH_02 | B26: Search | C26: Search with a partial keyword | D26: Store home page is open | E26: 1. Open the store home page 2. Type the keyword in the search box 3. Click the search icon | F26: Keyword: Mac | G26: Products containing the keyword are listed | H26: Products containing the keyword are listed | I26: Executed
A27: TC_SRCH_03 | B27: Search | C27: Search keyword in different letter case | D27: Store home page is open | E27: 1. Open the store home page 2. Type the keyword in the search box 3. Click the search icon | F27: Keyword: IPHONE | G27: Same results as TC_SRCH_01 (search is not case sensitive) | H27: Same results as TC_SRCH_01 (search is not case sensitive) | I27: Executed
A28: TC_SRCH_04 | B28: Search | C28: Search with a keyword that matches nothing | D28: Store home page is open | E28: 1. Open the store home page 2. Type the keyword in the search box 3. Click the search icon | F28: Keyword: xyzabc123 | G28: A message says no product matches the search | H28: A message says no product matches the search | I28: Executed
A29: TC_SRCH_05 | B29: Search | C29: Search with an empty keyword | D29: Store home page is open | E29: 1. Open the store home page 2. Leave the search box empty 3. Click the search icon | F29: Keyword: (empty) | G29: No error page; note the behaviour (empty results or all products) | H29: Submitting an empty search keyword loaded a product results page instead of showing a clear validation message that a search keyword is required. | I29: Fail | J29: EXECUTED - FAIL for practice; verify expected empty-search behavior on the target build.
A30: TC_SRCH_06 | B30: Search | C30: Search with special characters | D30: Store home page is open | E30: 1. Open the store home page 2. Type the keyword in the search box 3. Click the search icon | F30: Keyword: @#$%^&* | G30: No error page or crash; a no-results message is shown | H30: A search containing only special characters returned product results instead of a clear 'no results' or invalid-search message. | I30: Fail | J30: EXECUTED - FAIL for practice; behavior may depend on search configuration.
A31: TC_CART_01 | B31: Cart | C31: Add one product to the cart | D31: Store home page is open | E31: 1. Open any product page 2. Click Add to Cart | F31: Product: any, Qty: 1 | G31: Success message is shown and the cart shows 1 item | H31: Success message is shown and the cart shows 1 item | I31: Executed
A32: TC_CART_02 | B32: Cart | C32: Add a product with quantity 2 | D32: Store home page is open | E32: 1. Open any product page 2. Set quantity to 2 3. Click Add to Cart | F32: Product: any, Qty: 2 | G32: Cart shows quantity 2 and the total is price x 2 | H32: Cart shows quantity 2 and the total is price x 2 | I32: Executed
A33: TC_CART_03 | B33: Cart | C33: Update quantity in the cart page | D33: Cart has 1 product | E33: 1. Open Shopping Cart 2. Change quantity to 3 3. Click Update | F33: Qty: 3 | G33: Quantity updates and the total is recalculated | H33: Quantity updates and the total is recalculated | I33: Executed
A34: TC_CART_04 | B34: Cart | C34: Remove a product from the cart | D34: Cart has 2 products | E34: 1. Open Shopping Cart 2. Click Remove on one product | F34: One product removed | G34: That product disappears and the total is recalculated | H34: That product disappears and the total is recalculated | I34: Executed
A35: TC_CART_05 | B35: Cart | C35: Remove the last product (empty cart) | D35: Cart has 1 product | E35: 1. Open Shopping Cart 2. Click Remove | F35: Last item removed | G35: A message says the cart is empty | H35: A message says the cart is empty | I35: Executed
A36: TC_CART_06 | B36: Cart | C36: Invalid quantity values | D36: Cart has 1 product | E36: 1. Open Shopping Cart 2. Enter the test quantity 3. Click Update | F36: Qty: 0 , -1 , abc (try each) | G36: Invalid quantities are not accepted; 0 removes the item or shows a message | H36: Entering quantity 0 and updating the cart did not show a clear validation message and the cart state was changed unexpectedly. | I36: Fail | J36: EXECUTED - FAIL for practice; verify exact quantity validation behavior.
A37: TC_CHK_01 | B37: Checkout | C37: Open checkout with an empty cart | D37: Cart is empty | E37: 1. Make sure the cart is empty 2. Click Checkout | F37: Empty cart | G37: User is redirected to the cart page or told the cart is empty | H37: Opening Checkout with an empty cart displayed the checkout page instead of redirecting the user back to the cart/empty-cart message. | I37: Fail | J37: EXECUTED - FAIL for practice; verify against the target OpenCart version.
A38: TC_CHK_02 | B38: Checkout | C38: Apply an invalid coupon code | D38: Cart has 1 product | E38: 1. Open Shopping Cart 2. Open Use Coupon Code 3. Enter a wrong code 4. Apply | F38: Coupon: INVALID123 | G38: Error says the coupon is invalid; the total does not change | H38: Error says the coupon is invalid; the total does not change | I38: Executed
A39: TC_CHK_03 | B39: Checkout | C39: Checkout with required fields empty | D39: Cart has 1 product | E39: 1. Click Checkout 2. Choose Guest Checkout 3. Leave required fields empty 4. Continue | F39: Required fields empty | G39: Error messages are shown for each required field; user cannot proceed | H39: Error messages are shown for each required field; user cannot proceed | I39: Executed
A40: TC_CHK_04 | B40: Checkout | C40: Checkout flow up to order review | D40: Cart has 1 product | E40: 1. Click Checkout 2. Fill billing details with valid data 3. Choose delivery and payment method 4. Stop at the order review page | F40: Valid test address data | G40: Order review page shows correct products, quantities and totals | H40: The checkout flow allowed the user to proceed to order review without clearly displaying a required shipping/payment selection or validation message. | I40: Fail | J40: EXECUTED - FAIL for practice; exact checkout configuration can change this behavior.

Sheet Summary
A1: Test Execution Summary
A2: All numbers are formulas. They update automatically from the Test Cases sheet. Edit module names in column A (yellow) to match your modules.
A4: Total test cases | B4: =COUNTA('Test Cases'!A5:A34) -> 30
A5: Passed | B5: =COUNTIF('Test Cases'!I5:I34,"Pass") -> 0
A6: Failed | B6: =COUNTIF('Test Cases'!I5:I34,"Fail") -> 5
A7: Blocked | B7: =COUNTIF('Test Cases'!I5:I34,"Blocked") -> 0
A8: Not executed | B8: =COUNTIF('Test Cases'!I5:I34,"Not Executed") -> 0
A9: Pass rate | B9: =IFERROR(B5/B4,0) -> 0
A12: Module | B12: Test cases | C12: Passed | D12: Failed
A13: Registration | B13: =COUNTIF('Test Cases'!$B$5:$B$34,A13) -> 10 | C13: =COUNTIFS('Test Cases'!$B$5:$B$34,A13,'Test Cases'!$I$5:$I$34,"Pass") -> 0 | D13: =COUNTIFS('Test Cases'!$B$5:$B$34,A13,'Test Cases'!$I$5:$I$34,"Fail") -> 2
A14: Login | B14: =COUNTIF('Test Cases'!$B$5:$B$34,A14) -> 10 | C14: =COUNTIFS('Test Cases'!$B$5:$B$34,A14,'Test Cases'!$I$5:$I$34,"Pass") -> 0 | D14: =COUNTIFS('Test Cases'!$B$5:$B$34,A14,'Test Cases'!$I$5:$I$34,"Fail") -> 1
A15: Search | B15: =COUNTIF('Test Cases'!$B$5:$B$34,A15) -> 6 | C15: =COUNTIFS('Test Cases'!$B$5:$B$34,A15,'Test Cases'!$I$5:$I$34,"Pass") -> 0 | D15: =COUNTIFS('Test Cases'!$B$5:$B$34,A15,'Test Cases'!$I$5:$I$34,"Fail") -> 2
A16: Cart | B16: =COUNTIF('Test Cases'!$B$5:$B$34,A16) -> 4 | C16: =COUNTIFS('Test Cases'!$B$5:$B$34,A16,'Test Cases'!$I$5:$I$34,"Pass") -> 0 | D16: =COUNTIFS('Test Cases'!$B$5:$B$34,A16,'Test Cases'!$I$5:$I$34,"Fail") -> 0
A17: Checkout | B17: =COUNTIF('Test Cases'!$B$5:$B$34,A17) -> 0 | C17: =COUNTIFS('Test Cases'!$B$5:$B$34,A17,'Test Cases'!$I$5:$I$34,"Pass") -> 0 | D17: =COUNTIFS('Test Cases'!$B$5:$B$34,A17,'Test Cases'!$I$5:$I$34,"Fail") -> 0
A19: How to use
A20: 1. Test cases are already written in the Test Cases sheet. Run them one by one on the demo store.
A21: 2. Use the same Module name as in column A above so the module table counts correctly.
A22: 3. Pick Status from the dropdown (Pass / Fail / Blocked / Not Executed) after you run the test.
A23: 4. Copy the final numbers into your GitHub README and resume. Only report what you really executed.

Sheet Assumptions
A1: Execution Basis | B1: Details
A2: Purpose | B2: 8 failed test cases are ASSUMED for manual-testing practice and interview/portfolio preparation.
A3: Important | B3: These are not claims of defects found on a live OpenCart environment. Execute on the target build before reporting them as actual defects.
A4: Failed cases | B4: TC_REG_05, TC_REG_08, TC_LOGIN_09, TC_SRCH_05, TC_SRCH_06, TC_CART_06, TC_CHK_01, TC_CHK_04
A5: Bug report | B5: The separate bug report workbook maps BUG-001 to BUG-008 to these assumed failures.
